[
    {
        "model": "auth.group",
        "pk": 70,
        "fields": {
            "name": "Administradores",
            "permissions": [
                1,
                2,
                3,
                4,
                9,
                10,
                11,
                12,
                5,
                6,
                7,
                8,
                13,
                14,
                15,
                16,
                25,
                26,
                27,
                28,
                29,
                30,
                31,
                32,
                53,
                54,
                55,
                56,
                49,
                50,
                51,
                52,
                45,
                46,
                47,
                48,
                21,
                22,
                23,
                24,
                41,
                42,
                43,
                44,
                37,
                38,
                39,
                40,
                33,
                34,
                35,
                36,
                17,
                18,
                19,
                20
            ]
        }
    },
    {
        "model": "auth.group",
        "pk": 71,
        "fields": {
            "name": "Personal",
            "permissions": [
                27,
                28,
                55,
                56,
                51,
                52,
                47,
                48,
                21,
                22,
                23,
                24,
                39,
                40,
                33,
                34,
                35,
                36
            ]
        }
    },
    {
        "model": "auth.group",
        "pk": 72,
        "fields": {
            "name": "Propietarios",
            "permissions": []
        }
    },
    {
        "model": "core.address",
        "pk": 1,
        "fields": {
            "street_number": "012",
            "address_line": "012 Main St.",
            "city": "Springfield",
            "region": "IL",
            "country": "US",
            "postal_code": "12345"
        }
    },
    {
        "model": "core.address",
        "pk": 2,
        "fields": {
            "street_number": "123",
            "address_line": "123 Main St.",
            "city": "Springfield",
            "region": "IL",
            "country": "US",
            "postal_code": "12345"
        }
    },
    {
        "model": "core.address",
        "pk": 3,
        "fields": {
            "street_number": "456",
            "address_line": "456 Main St.",
            "city": "Springfield",
            "region": "IL",
            "country": "US",
            "postal_code": "12345"
        }
    },
    {
        "model": "core.address",
        "pk": 4,
        "fields": {
            "street_number": "789",
            "address_line": "789 Main St.",
            "city": "Springfield",
            "region": "IL",
            "country": "US",
            "postal_code": "12345"
        }
    },
    {
        "model": "core.CustomUser",
        "pk": 1,
        "fields": {
            "password": "pbkdf2_sha256$390000$t9M20jSrAZnAqKDpiYEZcp$GVxTIh3fOyTQKSpVSOgjEYOrxl82TEm9xncl2L5d9lc=",
            "last_login": "2022-12-05T16:54:46.872Z",
            "is_superuser": true,
            "username": "admin",
            "first_name": "",
            "last_name": "",
            "email": "admin@gmail.com",
            "is_staff": true,
            "is_active": true,
            "date_joined": "2022-12-05T16:46:52.327Z",
            "address": 4,
            "groups": [70],
            "dni": "784437896x",
            "birth_date": "1963-02-24"
        }
    },
    {
        "model": "core.CustomUser",
        "pk": 2,
        "fields": {
            "password": "pbkdf2_sha256$390000$11tiXax4IDCFs7S3QKvOVl$bPoME2pCTpKjsl4iQIbmYCg/hyvUvEFbVW7RrSOkWwU=",
            "last_login": "2022-12-05T16:54:46.872Z",
            "username": "staff",
            "first_name": "",
            "last_name": "",
            "email": "staff@us.es",
            "is_staff": true,
            "is_active": true,
            "date_joined": "2022-12-05T16:46:52.327Z",
            "address": 4,
            "groups": [71],
            "dni": "784437896z",
            "birth_date": "1963-02-24"            
        }
    },
    {
        "model": "core.CustomUser",
        "pk": 3,
        "fields": {
            "dni": "78443789Y",
            "address": 1,
            "birth_date": "1963-02-24",
            "gender": "OTHER",
            "phone": "+34606406974",
            "email": "jameowner@gmail.com",
            "username":"jame1",
            "password": "pbkdf2_sha256$390000$AQglJv2iGsrfx1GidQA76m$miI9hV8YjGmrd3DF8MDEgStocpc9uFrBDRGCSYLhIgI=",
            "first_name": "James",
            "last_name": "Owens",
            "request": "ACCEPTED",
            "groups": [72]
        }   
    },
    {
        "model": "core.CustomUser",
        "pk": 4,
        "fields": {
            "dni": "78443129S",
            "address": 1,
            "birth_date": "1998-03-29",
            "gender": "MALE",
            "phone": "+14842918383",
            "email": "jameuser@gmail.com",
            "username":"jame2",
            "password": "pbkdf2_sha256$390000$AQglJv2iGsrfx1GidQA76m$miI9hV8YjGmrd3DF8MDEgStocpc9uFrBDRGCSYLhIgI=",
            "request": "ACCEPTED",
            "groups": []
        }   
    },
    {
        "model": "core.service",
        "pk": 1,
        "fields": {
            "name": "Wifi"
        }
    },
    {
        "model": "core.service",
        "pk": 2,
        "fields": {
            "name": "Lavadora"
        }
    },
    {
        "model": "core.service",
        "pk": 3,
        "fields": {
            "name": "Aire acondicionado"
        }
    },
    {
        "model": "core.service",
        "pk": 4,
        "fields": {
            "name": "Secador de pelo"
        }
    },
    {
        "model": "core.service",
        "pk": 5,
        "fields": {
            "name": "Cocina"
        }
    },
    {
        "model": "core.service",
        "pk": 6,
        "fields": {
            "name": "Calefacción"
        }
    },
    {
        "model": "core.service",
        "pk": 7,
        "fields": {
            "name": "Televisión"
        }
    },
    {
        "model": "core.service",
        "pk": 8,
        "fields": {
            "name": "Plancha"
        }
    },
    {
        "model": "core.service",
        "pk": 9,
        "fields": {
            "name": "Parking gratuito"
        }
    },
    {
        "model": "core.service",
        "pk": 10,
        "fields": {
            "name": "Servicio de Lavandería"
        }
    },{
        "model": "core.service",
        "pk": 11,
        "fields": {
            "name": "Recepción 24h"
        }
    },
    {
        "model": "core.service",
        "pk": 12,
        "fields": {
            "name": "Desayuno incluido"
        }
    },{
        "model": "core.service",
        "pk": 13,
        "fields": {
            "name": "Piscina"
        }
    },
    {
        "model": "core.service",
        "pk": 14,
        "fields": {
            "name": "Jacuzzi"
        }
    },
    {
        "model": "core.service",
        "pk": 15,
        "fields": {
            "name": "Barbacoa"
        }
    },
    {
        "model": "core.service",
        "pk": 16,
        "fields": {
            "name": "Gimnasio"
        }
    },
    {
        "model": "core.service",
        "pk": 17,
        "fields": {
            "name": "Mascotas permitidas"
        }
    },
    {
        "model": "core.service",
        "pk": 18,
        "fields": {
            "name": "Accesibilidad"
        }
    },
    {
        "model": "core.accommodation",
        "pk": 1,
        "fields": {
            "name": "Hoffman LLC",
            "description": "Policy room artist from blue hard number small. Own argue course itself enter just down. Kind goal stuff address painting century.",
            "address": 1,
            "price": 7041,
            "category": "Apartamento",
            "owner": 3,
            "capacity": 5,
            "is_active": true,
            "creation_date": "2023-11-17",
            "modification_date": "2023-11-17"
        }
    },
    {
        "model": "core.accommodation",
        "pk": 2,
        "fields": {
            "name": "Keller-Gordon",
            "description": "And finally view course western perform prevent. Describe daughter school loss point fly key. Guess ability enter first movement join.\nNation find visit shake why. Radio see idea late fight care.",
            "address": 2,
            "price": 26735,
            "category": "Casa",
            "owner": 3,
            "capacity": 6,
            "is_active": true,
            "creation_date": "2023-11-17",
            "modification_date": "2023-11-17"
        }
    },
    {
        "model": "core.accommodation",
        "pk": 3,
        "fields": {
            "name": "Torres, Phillips and Sims",
            "description": "Seek one bag pressure use how. Officer stay more cost tell.\nIf capital fear beautiful after election area. Model husband vote. Who world magazine report meeting.\nStage dinner several somebody staff.",
            "address":3,
            "price": 78839,
            "category": "Dúplex",
            "owner": 3,
            "capacity": 7,
            "is_active": true,
            "creation_date": "2023-11-17",
            "modification_date": "2023-11-17"
        }
    },
    {
        "model": "core.accommodation",
        "pk": 5,
        "fields": {
            "name": "Prueba 2",
            "description": "Seek one bag pressure use how. Officer stay more cost tell.\nIf capital fear beautiful after election area. Model husband vote. Who world magazine report meeting.\nStage dinner several somebody staff.",
            "address":3,
            "price": 889,
            "category": "Apartamento",
            "owner": 3,
            "capacity": 3,
            "is_active": true,
            "creation_date": "2023-11-17",
            "modification_date": "2023-11-17"
        }
    },
    {
        "model": "core.book",
        "pk": 1,
        "fields": {
            "start_date": "2023-11-30T00:00:00Z",
            "end_date": "2023-12-15T00:00:00Z",
            "payment_method": "EFECTIVO",
            "amount_people": 7,
            "user": 3,
            "price":50,
            "is_active": false,
            "accommodation": 1
        }
    },
    {
        "model": "core.book",
        "pk": 2,
        "fields": {
            "start_date": "2024-11-18T01:20:30Z",
            "end_date": "2024-11-30T20:48:00Z",
            "payment_method": "ONLINE",
            "price":50,
            "amount_people": 8,
            "user": 3,
            "is_active": true,
            "accommodation": 2
        }
    },
    {
        "model": "core.claim",
        "pk": 1,
        "fields": {
            "title": "Idea policy region example only our it performance.",
            "description": "Certainly office method answer clearly physical business. Throw crime main different stock.\nIssue option girl later job necessary. Project do market morning whether less bag.",
            "publication_date": "2023-04-09",
            "user": 2,
            "accommodation": 3
        }
    },
    {
        "model": "core.claim",
        "pk": 2,
        "fields": {
            "title": "Se equivocaron con el número de habitación.",
            "description": "Esto es solo una prueba esta reclamación es del propietario Jame1, hacía otro de sus alojamientos",
            "publication_date": "2023-11-21",
            "user": 1,
            "accommodation": 1
        }
    },
    {
        "model": "core.claim",
        "pk": 3,
        "fields": {
            "title": "Uno de los servicios contratado no estuvo.",
            "description": "Esto es solo otra prueba para ver que esta reclamación no es del propietario Jame1.",
            "publication_date": "2023-12-01",
            "user": 2,
            "accommodation": 5
        }
    },
    {
        "model": "core.favorite",
        "pk": 1,
        "fields": {
            "user": 1,
            "accommodation": 1,
            "date": "2023-04-28"
        }
    },
    {
        "model": "core.favorite",
        "pk": 2,
        "fields": {
            "user": 1,
            "accommodation": 3,
            "date": "2023-02-06"
        }
    },
    {
        "model": "core.image",
        "pk": 1,
        "fields": {
            "title": "Sunset View",
            "order": 1,
            "image": "uploads/images/habitacion1.png",
            "alt": "Sunset view",
            "publication_date": "2023-11-17",
            "accommodation": 1
        }
    },
    {
        "model": "core.image",
        "pk": 2,
        "fields": {
            "title": "Spacious Living Room",
            "order": 1,
            "image": "uploads/images/habitacion2.png",
            "alt": "Living room",
            "publication_date": "2023-11-17",
            "accommodation": 2
        }
    },
    {
        "model": "core.image",
        "pk": 3,
        "fields": {
            "title": "Spacious Living Room",
            "order": 1,
            "image": "uploads/images/accommodation1.png",
            "alt": "Living room",
            "publication_date": "2023-11-17",
            "accommodation": 3
        }
    },
    {
        "model": "core.image",
        "pk": 5,
        "fields": {
            "title": "Spacious Living Room 3",
            "order": 1,
            "image": "uploads/images/accommodation4.png",
            "alt": "Living room",
            "publication_date": "2023-11-17",
            "accommodation": 5
        }
    },
    {
        "model": "core.comment",
        "pk":1,
        "fields": {
            "title": "Great experience",
            "description": "Had a great time staying at this place, would recommend!",
            "publication_date": "2023-11-17",
            "user": 2,
            "rating": 5,
            "accommodation": 1
        }
    },
    {
        "model": "core.comment",
        "pk":2,
        "fields": {
            "title": "Not as expected",
            "description": "The place was decent but had some maintenance issues.",
            "publication_date": "2023-11-17",
            "user": 1,
            "rating": 3,
            "accommodation": 2
        }
    }
]